_id,ltable_ID,rtable_ID,ltable_Name,ltable_Author,ltable_Publisher,rtable_Name,rtable_Author,rtable_Publisher,match
1106,1281,22,"The Magazine of Fantasy and Science Fiction, July 1969 (Volume 37, No. 1)",Fritz Leiber,Mercury Press,"Gather, Darkness! (Nucleus Fantasy & Science Fiction)",Fritz Leiber,Collier Books,0
1279,31,26,Final Fantasy V (Boss Fight Books),Chris Kohler,Boss Fight Books,Final Fantasy V,Chris Kohler,Boss Fight Books,1
3232,620,94,Draw More Furries: How to Create Anthropomorphic Fantasy Creatures,Jared Hodges,IMPACT Books,Draw More Furries: How to Create Anthropomorphic Fantasy Animals,Jared Hodges,Impact,1
3387,529,97,Dismantling the Fantasy: An Invitation to the Fullness of Life,Darryl Bailey,Non-Duality,Dismantling the Fantasy: An Invitation to the Fullness of Life,Darryl Bailey,Non-Duality,1
3701,1165,104,Fantasy Art Expedition,Finlay Cowan,IMPACT Books,Fantasy Art Expedition,Finlay Cowan,Impact,1
4424,337,119,Tarzan of the Apes (Penguin Classics),Edgar Rice Burroughs,Penguin Classics,"The Return of Tarzan: The Adventures of Lord Greystoke, Book Two",Edgar Rice Burroughs,Fall River,0
4634,2798,119,Tarzan of the Apes,Edgar Rice Burroughs,Digireads.com,"The Return of Tarzan: The Adventures of Lord Greystoke, Book Two",Edgar Rice Burroughs,Fall River,0
8636,527,212,8: The Year's Best Science Fiction & Fantasy 2016 Edition (Year's Best Science Fiction and Fantasy),Rich Horton,Prime Books,Unplugged: The Web's Best Sci-Fi & Fantasy: 2008 Download,Rich Horton,Wyrm Publishing,0
8642,796,212,"The Year's Best Science Fiction & Fantasy, 2009 Edition (Year's Best Science Fiction and Fantasy)",Rich Horton,Prime Books,Unplugged: The Web's Best Sci-Fi & Fantasy: 2008 Download,Rich Horton,Wyrm Publishing,0
8779,611,217,"The Very Best of Fantasy & Science Fiction, Volume 2",Gordon Van Gelder,Tachyon Publications,"Fantasy & Science Fiction, July/August 2011",Gordon Van Gelder,Spilogale,0
8807,611,218,"The Very Best of Fantasy & Science Fiction, Volume 2",Gordon Van Gelder,Tachyon Publications,"Fantasy & Science Fiction, March/April 2013",Gordon Van Gelder,"Spilogale, Inc.",0
9578,631,257,The Writer's Guide to Fantasy Literature: From Dragon's Lair to Hero's Quest,Philip Martin,Kalmbach Publishing Co.,A Guide to Fantasy Literature: Thoughts on Stories of Wonder and Enchantment,Philip Martin,Crickhollow Books,0
10637,809,272,Shadows of Self: A Mistborn Novel,Brandon Sanderson,Tor Fantasy,Mistborn Adventure Game: A House of Ashes,Brandon Sanderson,Crafty Games,0
10643,1900,272,The Bands of Mourning: A Mistborn Novel,Brandon Sanderson,Tor Fantasy,Mistborn Adventure Game: A House of Ashes,Brandon Sanderson,Crafty Games,0
10644,1941,272,The Alloy of Law: A Mistborn Novel,Brandon Sanderson,Tor Fantasy,Mistborn Adventure Game: A House of Ashes,Brandon Sanderson,Crafty Games,0
11064,136,281,"Fairies, Gnomes & Trolls: Create a Fantasy World in Polymer Clay",Maureen Carlson,North Light Books,"Fairies, Gnomes & Trolls: Create a Fantasy World in Polymer Clay",Maureen Carlson,North Light Books,1
11462,60,285,Final Fantasy Anthology Official Strategy Guide (Brady Games),David Cassady,Brady Games,Final Fantasy VII: Official Strategy Guide,David Cassady,Bradygames,0
11479,401,285,"Official Final Fantasy VII Strategy Guide, Playstation Version (v. 1)",David Cassady,BRADY GAMES,Final Fantasy VII: Official Strategy Guide,David Cassady,Bradygames,0
11484,478,285,Final Fantasy VII Official Strategy Guide (Official Strategy Guides) (v. 2),David Cassady,BRADY GAMES,Final Fantasy VII: Official Strategy Guide,David Cassady,Bradygames,0
12034,657,318,Manga Mania Fantasy Worlds: How to Draw the Amazing Worlds of Japanese Comics,Christopher Hart,Watson-Guptill,How to Draw Fantasy Characters,Christopher Hart,Watson-Guptill,0
12969,262,357,"The Anatomy of National Fantasy: Hawthorne, Utopia, and Everyday Life",Lauren Berlant,University of Chicago Press,"The Anatomy of National Fantasy: Hawthorne, Utopia, and Everyday Life",Lauren Berlant,University Of Chicago Press,1
13389,852,359,The Year's Best Fantasy and Horror: Eighteenth Annual Collection (Year's Best Fantasy & Horror (Paperback)),Ellen Datlow,St. Martin's Griffin,The Del Rey Book of Science Fiction and Fantasy: Sixteen Original Works by Speculative Fiction's Finest Voices,Ellen Datlow,Del Rey,0
13724,611,360,"The Very Best of Fantasy & Science Fiction, Volume 2",Gordon Van Gelder,Tachyon Publications,"Fantasy & Science Fiction, November/December 2011",Gordon Van Gelder,"Spilogale, Inc.",0
14728,631,369,The Writer's Guide to Fantasy Literature: From Dragon's Lair to Hero's Quest,Philip Martin,Kalmbach Publishing Co.,The Writer's Guide to Fantasy Literature: From Dragon's Lair to Hero's Quest,Philip Martin,Watson-Guptill Publications,1
15726,657,405,Manga Mania Fantasy Worlds: How to Draw the Amazing Worlds of Japanese Comics,Christopher Hart,Watson-Guptill,Manga Mania Fantasy Worlds: How to Draw the Enchanted Worlds of Japanese Comics,Christopher Hart,Watson-Guptill,1
15791,100,407,Dreamscapes Magical Menagerie: Creating Fantasy Creatures and Animals with Watercolor,Stephanie Pui-Mun Law,IMPACT Books,Dreamscapes Magical Menagerie: Creating Fantasy Creatures and Animals with Watercolor,Stephanie Pui-Mun Law,Impact,1
15798,221,407,"Dreamscapes: Creating Magical Angel, Faery & Mermaid Worlds In Watercolor",Stephanie Pui-Mun Law,Impact,Dreamscapes Magical Menagerie: Creating Fantasy Creatures and Animals with Watercolor,Stephanie Pui-Mun Law,Impact,0
15811,484,407,Dreamscapes Fantasy Worlds: Create Engaging Scenes and Landscapes in Watercolor,Stephanie Pui-Mun Law,IMPACT Books,Dreamscapes Magical Menagerie: Creating Fantasy Creatures and Animals with Watercolor,Stephanie Pui-Mun Law,Impact,0
16543,3024,419,Sharpe's Havoc (The Sharpe Series),Bernard Cornwell,Harper,"Sharpe's Fortress : Richard Sharpe & the Siege of Gawilghur, December 1803",Bernard Cornwell,HarperCollins,0
16544,3033,419,Sharpe's Rifles (The Sharpe Series),Bernard Cornwell,Harper,"Sharpe's Fortress : Richard Sharpe & the Siege of Gawilghur, December 1803",Bernard Cornwell,HarperCollins,0
16545,3073,419,"Sharpe's Gold: Richard Sharpe and the Destruction of Almeida, August 1810 (The Sharpe Series)",Bernard Cornwell,Harper,"Sharpe's Fortress : Richard Sharpe & the Siege of Gawilghur, December 1803",Bernard Cornwell,HarperCollins,0
16546,3101,419,Sharpe's Trafalgar (The Sharpe Series),Bernard Cornwell,Harper,"Sharpe's Fortress : Richard Sharpe & the Siege of Gawilghur, December 1803",Bernard Cornwell,HarperCollins,0
16547,3124,419,Sharpe's Eagle (The Sharpe Series),Bernard Cornwell,Harper,"Sharpe's Fortress : Richard Sharpe & the Siege of Gawilghur, December 1803",Bernard Cornwell,HarperCollins,0
16719,655,435,Great Short Novels of Adult Fantasy,Lin Carter,Ballantine Books,Great Short Novels of Adult Fantasy Volume II,Lin Carter,Ballantine Books,1
16918,657,441,Manga Mania Fantasy Worlds: How to Draw the Amazing Worlds of Japanese Comics,Christopher Hart,Watson-Guptill,Manga Mania Magical Girls and Friends: How to Draw the Super-Popular Action Fantasy Characters of Manga,Christopher Hart,Watson-Guptill,0
17164,1058,447,The Mammoth Book of Comic Fantasy (Mammoth Books),Mike Ashley,Running Press,The Mammoth Book of Great Fantasy,Mike Ashley,Robinson Publishing,0
17403,611,448,"The Very Best of Fantasy & Science Fiction, Volume 2",Gordon Van Gelder,Tachyon Publications,"Fantasy & Science Fiction, May/June 2012",Gordon Van Gelder,"Spilogale, Inc.",0
18363,6,477,Fantasy Baseball for Smart People: How to Use Math and Psychology to Win at DFS,Jonathan Bales,CreateSpace Independent Publishing Platform,Fantasy Football for Smart People: A Guide to Winning at Daily Fantasy Sports,Jonathan Bales,,0
18367,28,477,Fantasy Baseball for Smart People: How to Profit Big During MLB Season,Jonathan Bales,CreateSpace Independent Publishing Platform,Fantasy Football for Smart People: A Guide to Winning at Daily Fantasy Sports,Jonathan Bales,,0
18376,98,477,Fantasy Football for Smart People: What the Experts Don't Want You to Know,Jonathan Bales,CreateSpace Independent Publishing Platform,Fantasy Football for Smart People: A Guide to Winning at Daily Fantasy Sports,Jonathan Bales,,0
18380,142,477,Fantasy Baseball for Smart People: The Art (and Science) of Being Contrarian in DFS,Jonathan Bales,CreateSpace Independent Publishing Platform,Fantasy Football for Smart People: A Guide to Winning at Daily Fantasy Sports,Jonathan Bales,,0
18392,214,477,Fantasy Football for Smart People: How to Dominate Your Draft,Jonathan Bales,CreateSpace Independent Publishing Platform,Fantasy Football for Smart People: A Guide to Winning at Daily Fantasy Sports,Jonathan Bales,,0
18423,598,477,Fantasy Football (and Baseball) for Smart People: How to Turn Your Hobby into a Fortune,Jonathan Bales,CreateSpace Independent Publishing Platform,Fantasy Football for Smart People: A Guide to Winning at Daily Fantasy Sports,Jonathan Bales,,0
18428,699,477,Fantasy Football for Smart People: How Fantasy Football Pros Game Plan to Win,Jonathan Bales,CreateSpace Independent Publishing Platform,Fantasy Football for Smart People: A Guide to Winning at Daily Fantasy Sports,Jonathan Bales,,0
18439,5,478,The Fantasy Baseball Black Book 2018 (Fantasy Black Book),Joe Pisapia,Independently published,The Fantasy Baseball Black Book 2017 Edition (Fantasy Black Book 10),Joe Pisapia,,0
18444,168,478,The Fantasy Baseball Black Book 2017 Edition (Fantasy Black Book),Joe Pisapia,Independently published,The Fantasy Baseball Black Book 2017 Edition (Fantasy Black Book 10),Joe Pisapia,,1
18463,518,478,The Fantasy Football Black Book 2017 (Fantasy Black Book),Joe Pisapia,Independently published,The Fantasy Baseball Black Book 2017 Edition (Fantasy Black Book 10),Joe Pisapia,,1
18573,611,481,"The Very Best of Fantasy & Science Fiction, Volume 2",Gordon Van Gelder,Tachyon Publications,"The Magazine of Fantasy & Science Fiction, Sept/Oct 2013",Gordon Van Gelder,"Spilogale, Inc.",0
18764,2153,489,The Wizard of Oz,L. Frank Baum,Del Rey,"The Tin Woodman of Oz: A Faithful Story of the Astonishing Adventure Undertaken by the Tin Woodman, Assisted by Woot the Wanderer, the Scarecrow of oz",L. Frank Baum,Checkerboard Pr,0
18801,2825,489,"The Wonderful World of Oz: The Wizard of Oz, The Emerald City of Oz, Glinda of Oz (Classic, 20th-Century, Penguin)",L. Frank Baum,Penguin Classics,"The Tin Woodman of Oz: A Faithful Story of the Astonishing Adventure Undertaken by the Tin Woodman, Assisted by Woot the Wanderer, the Scarecrow of oz",L. Frank Baum,Checkerboard Pr,0
19997,400,515,Legends: Stories By The Masters of Modern Fantasy,Robert Silverberg,Tor Fantasy,Fantasy: The Best of 2002,Robert Silverberg,iBooks,0
20450,611,522,"The Very Best of Fantasy & Science Fiction, Volume 2",Gordon Van Gelder,Tachyon Publications,"The Magazine of Fantasy & Science Fiction, November/December 2014",Gordon Van Gelder,"Spilogale, Inc.",0
20890,727,544,The Year's Best Fantasy Stories: 3 (Year's Best Fantasy),Lin Carter,DAW,The Year's Best Fantasy Stories 4,Lin Carter,DAW,0
21149,611,550,"The Very Best of Fantasy & Science Fiction, Volume 2",Gordon Van Gelder,Tachyon Publications,"Fantasy & Science Fiction, January/February 2012",Gordon Van Gelder,"Spilogale, Inc.",0
22543,2926,586,Dragon Rampant: Fantasy Wargaming Rules (Osprey Wargames),Daniel Mersey,Osprey Games,Dragon Rampant: Fantasy Wargaming Rules,Daniel Mersey,Osprey Games,1
22569,727,588,The Year's Best Fantasy Stories: 3 (Year's Best Fantasy),Lin Carter,DAW,The Year's Best Fantasy Stories 6,Lin Carter,DAW,0
22647,611,591,"The Very Best of Fantasy & Science Fiction, Volume 2",Gordon Van Gelder,Tachyon Publications,"The Magazine of Fantasy & Science Fiction, September/October 2012",Gordon Van Gelder,"Spilogale, Inc",0
23487,2695,608,El Borak and Other Desert Adventures,Robert E. Howard,Del Rey,El Borak and Other Desert Adventures,Robert E. Howard,Del Rey,1
23559,244,612,The Rampart Guards: Chronicle One in the Adventures of Jason Lex,Wendy Terrien,Camashea Press,The Rampart Guards,Wendy Terrien,Camashea Press,1
23611,1059,617,Sweet Life 2: Erotic Fantasies for Couples,Violet Blue,Cleis Press,Sweet Life 2: Erotic Fantasies for Couples,Violet Blue,Cleis Press,1
24186,1284,623,Based on a True Story: Fact and Fantasy in 100 Favorite Movies,Jonathan Vankin,Chicago Review Press,Based on a True Story: Fact and Fantasy in 100 Favorite Movies,Jonathan Vankin,Chicago Review Press,1
24502,650,629,Time and the Gods (Millennium Fantasy Masterworks),Lord Dunsany,Gollancz,Time and the Gods: The Classic Fantasy Collection (Illustrated Facsimile Reprint Edition),Lord Dunsany,Wildside Press,0
24570,47,631,Sci-Fi & Fantasy Oil Painting Techniques,Patrick J. Jones,Korero Press,Sci-Fi  Fantasy Oil Painting Techniques,Patrick J. Jones,Korero Press,1
25307,1080,657,Final Fantasy Tactics Advance,Nintendo of America,Nintendo of America,Final Fantasy Tactics Advance,Nintendo of America,Nintendo of America,1
25496,488,663,Fantasies of a Bollywood Love Thief: Inside the World of Indian Moviemaking,Stephen Alter,Mariner Books,Fantasies of a Bollywood Love Thief: Inside the World of Indian Moviemaking,Stephen Alter,Mariner Books,1
26005,1083,668,DIRGE of CERBERUS(tm) -FINAL FANTASY(r) VII- Signature Series Guide (Bradygames Signature Series Guide),Doug Walsh,BRADY GAMES,Final Fantasy VII: Dirge of Cerberus,Doug Walsh,Bradygames,0
26686,657,695,Manga Mania Fantasy Worlds: How to Draw the Amazing Worlds of Japanese Comics,Christopher Hart,Watson-Guptill,Astonishing Fantasy Worlds: The Ultimate Guide to Drawing Adventure Fantasy Art,Christopher Hart,Watson-Guptill,0
27216,611,702,"The Very Best of Fantasy & Science Fiction, Volume 2",Gordon Van Gelder,Tachyon Publications,"Fantasy & Science Fiction, March/April 2012",Gordon Van Gelder,"Spilogale, Inc.",0
28167,2817,727,City of Masks: (An Epic Fantasy Novel) (Bone Mask Trilogy),Ashley Capes,Close-Up Books,City of Masks: An Epic Fantasy Novel,Ashley Capes,Snapping Turtle Books,1
28208,337,728,Tarzan of the Apes (Penguin Classics),Edgar Rice Burroughs,Penguin Classics,The Resurrection of Jimber Jaw (Fantasy & Horror Classics),Edgar Rice Burroughs,,0
28494,587,738,"The Palladium RPG Book II: Old Ones (Fantasy Adventure, No 2)",Kevin Siembieda,Palladium Books,Monsters and Animals (Palladium Fantasy RPG),Kevin Siembieda,Palladium Books,0
29378,607,767,Fantasy Begins: Book 1 of The Dungeon Hive Trilogy (Volume 1),Roy Lim,CreateSpace Independent Publishing Platform,Fantasy Begins: Book 1 of the Dungeon Hive Trilogy,Roy Lim,,1
30058,1079,776,Get Started in: Writing Science Fiction and Fantasy (Teach Yourself),Adam Roberts,Teach Yourself,Get Started in: Writing Science Fiction and Fantasy,Adam Roberts,Teach Yourself,1
30916,2153,790,The Wizard of Oz,L. Frank Baum,Del Rey,"The Magic Of Oz: A Faithful Record Of The Remarkable Adventures Of Dorothy And Trot And The Wizard Of Oz, Together With The Cowardly Lion, The Hungry ... And Beautiful Birthday Present For Princes",L. Frank Baum,Nabu Press,0
30987,2825,790,"The Wonderful World of Oz: The Wizard of Oz, The Emerald City of Oz, Glinda of Oz (Classic, 20th-Century, Penguin)",L. Frank Baum,Penguin Classics,"The Magic Of Oz: A Faithful Record Of The Remarkable Adventures Of Dorothy And Trot And The Wizard Of Oz, Together With The Cowardly Lion, The Hungry ... And Beautiful Birthday Present For Princes",L. Frank Baum,Nabu Press,0
31094,1243,795,Charlie and the Chocolate Factory,Roald Dahl,Puffin Books,The Complete Adventures of Charlie and Mr. Willy Wonka,Roald Dahl,Puffin Books,0
31426,1011,802,Her Wicked Fantasy,Taylor Johns,CreateSpace Independent Publishing Platform,Her Wicked Fantasy,Taylor Johns,,1
32050,611,810,"The Very Best of Fantasy & Science Fiction, Volume 2",Gordon Van Gelder,Tachyon Publications,"The Magazine of Fantasy and Science Fiction, May/June 2013",Gordon Van Gelder,"Spilogale, Inc.",0
32187,611,811,"The Very Best of Fantasy & Science Fiction, Volume 2",Gordon Van Gelder,Tachyon Publications,"Fantasy & Science Fiction, Nov/Dec 2012",Gordon Van Gelder,"Spilogale, Inc.",0
33207,263,844,Chaos Rises: A Veil World Urban Fantasy (Volume 1),Pippa DaCosta,CreateSpace Independent Publishing Platform,Chaos Rises: A Veil World Urban Fantasy,Pippa DaCosta,Createspace Independent Publishing Platform,1
33237,611,846,"The Very Best of Fantasy & Science Fiction, Volume 2",Gordon Van Gelder,Tachyon Publications,"Fantasy & Science Fiction, July/August 2012",Gordon Van Gelder,"Spilogale, Inc",0
33314,611,847,"The Very Best of Fantasy & Science Fiction, Volume 2",Gordon Van Gelder,Tachyon Publications,"The Magazine of Fantasy & Science Fiction, September/October 2014",Gordon Van Gelder,"Spilogale, Inc.",0
35014,232,885,Final Fantasy XII: The Complete Guide,Piggyback,Piggyback Interactive,Lightning Returns: Final Fantasy XIII: The Complete Official Guide - Collector's Edition,Piggyback,Piggyback,0
35022,377,885,Final Fantasy XIII: Complete Official Guide - Standard Edition,Piggyback,Piggyback,Lightning Returns: Final Fantasy XIII: The Complete Official Guide - Collector's Edition,Piggyback,Piggyback,0
35026,407,885,Final Fantasy XV: Standard Edition,Piggyback,Piggyback,Lightning Returns: Final Fantasy XIII: The Complete Official Guide - Collector's Edition,Piggyback,Piggyback,0
35041,524,885,Lightning Returns: Final Fantasy XIII: The Complete Official Guide,Piggyback,Piggyback,Lightning Returns: Final Fantasy XIII: The Complete Official Guide - Collector's Edition,Piggyback,Piggyback,1
35045,538,885,Final Fantasy XIII-2 - The Complete Official Guide,Piggyback,Piggyback Interactive,Lightning Returns: Final Fantasy XIII: The Complete Official Guide - Collector's Edition,Piggyback,Piggyback,0
35059,663,885,Final Fantasy X-2: The Official Guide,Piggyback,Piggyback Interactive,Lightning Returns: Final Fantasy XIII: The Complete Official Guide - Collector's Edition,Piggyback,Piggyback,0
35344,24,893,Winning Fantasy Baseball: Secret Strategies of a Nine-Time National Champion,Larry Schechter,Emerald Book Company,Winning Fantasy Baseball: Secret Strategies of a Nine-Time National Champion,Larry Schechter,Emerald Book Company,1
35416,830,899,Bone: The Complete Cartoon Epic in One Volume,Jeff Smith,Cartoon Books,"The Complete Bone Adventures, Issues 13-18",Jeff Smith,Cartoon Books,0
36024,727,921,The Year's Best Fantasy Stories: 3 (Year's Best Fantasy),Lin Carter,DAW,The Year's Best Fantasy Stories 2,Lin Carter,DAW,0
36674,509,957,Fantasy Cross Stitch,Lesley Teare,David & Charles,Fantasy Cross Stitch,Lesley Teare,David & Charles Publishers,1
36798,611,966,"The Very Best of Fantasy & Science Fiction, Volume 2",Gordon Van Gelder,Tachyon Publications,"Fantasy & Science Fiction, January/February 2014",Gordon Van Gelder,Spilogale,0
36826,611,967,"The Very Best of Fantasy & Science Fiction, Volume 2",Gordon Van Gelder,Tachyon Publications,"Fantasy & Science Fiction, Jan/Feb 2013",Gordon Van Gelder,"Spilogale, Inc.",0
40096,400,1031,Legends: Stories By The Masters of Modern Fantasy,Robert Silverberg,Tor Fantasy,Legends II: New Short Novels by the Masters of Modern Fantasy: Volume One,Robert Silverberg,Random House Audio,0
40450,400,1036,Legends: Stories By The Masters of Modern Fantasy,Robert Silverberg,Tor Fantasy,Legends-Vol. 3 Stories By The Masters of Modern Fantasy,Robert Silverberg,Tor Books,0
40874,107,1044,Who's Been Sleeping in Your Head: The Secret World of Sexual Fantasies,Brett Kahr,Basic Books,Sex and the Psyche: The Truth About Our Most Secret Fantasies,Brett Kahr,Penguin,0
41553,611,1073,"The Very Best of Fantasy & Science Fiction, Volume 2",Gordon Van Gelder,Tachyon Publications,"Fantasy & Science Fiction, January/February 2015",Gordon Van Gelder,"Spilogale, Inc.",0
41794,749,1079,Strange Science Fantasy,Scott Morse,IDW Publishing,Strange Science Fantasy,Scott Morse,IDW Publishing,1
41795,3129,1082,Puck of Pook's Hill,Rudyard Kipling,CreateSpace Independent Publishing Platform,Puck of Pook's Hill. by Rudyard Kipling,Rudyard Kipling,Createspace Independent Publishing Platform,1
43122,611,1118,"The Very Best of Fantasy & Science Fiction, Volume 2",Gordon Van Gelder,Tachyon Publications,"Fantasy & Science Fiction, July/August 2013",Gordon Van Gelder,"Spilogale, Inc.",0
43240,646,1120,How to Draw and Paint Fairyland: A Step-by-Step Guide to Creating the World of Fairies,Linda Ravenscroft,Barron's Educational Series,Enchanted: The Faerie and Fantasy Art of Linda Ravenscroft,Linda Ravenscroft,Artist's and Photographers' Press Ltd,0
44603,727,1155,The Year's Best Fantasy Stories: 3 (Year's Best Fantasy),Lin Carter,DAW,The Year's Best Fantasy Stories 3,Lin Carter,DAW,1
44890,611,1162,"The Very Best of Fantasy & Science Fiction, Volume 2",Gordon Van Gelder,Tachyon Publications,"Fantasy & Science Fiction, May/June 2014",Gordon Van Gelder,"Spilogale, Inc.",0
47830,442,1218,The Hobbit and the Lord of the Rings (the Hobbit / the Fellowship of the Ring / the Two Towers / the,J.R.R. Tolkien,Del Rey,"Tales from the Perilous Realm: ""Farmer Giles of Ham"", ""Leaf by Niggle"", ""Adventures of Tom Bombadil"" and ""Smith of Wootton Major""",J.R.R. Tolkien,HarperCollins Publishers,0
47868,1287,1218,Tolkien Fantasy Tales Box Set (The Tolkien Reader/The Silmarillion/Unfinished Tales/Sir Gawain and the Green Knight),J.R.R. Tolkien,Del Rey,"Tales from the Perilous Realm: ""Farmer Giles of Ham"", ""Leaf by Niggle"", ""Adventures of Tom Bombadil"" and ""Smith of Wootton Major""",J.R.R. Tolkien,HarperCollins Publishers,0
47902,2553,1218,"The Book of Lost Tales, Part Two (The History of Middle-Earth, Vol. 2)",J.R.R. Tolkien,Del Rey,"Tales from the Perilous Realm: ""Farmer Giles of Ham"", ""Leaf by Niggle"", ""Adventures of Tom Bombadil"" and ""Smith of Wootton Major""",J.R.R. Tolkien,HarperCollins Publishers,0
47914,2673,1218,"The Shaping of Middle-Earth: The Quenta, the Ambarkanta and the Annals (The History of Middle-Earth, Vol. 4)",J.R.R. Tolkien,Del Rey,"Tales from the Perilous Realm: ""Farmer Giles of Ham"", ""Leaf by Niggle"", ""Adventures of Tom Bombadil"" and ""Smith of Wootton Major""",J.R.R. Tolkien,HarperCollins Publishers,0
47918,2755,1218,"The Lost Road and Other Writings (The History of Middle-Earth, Vol. 5)",J.R.R. Tolkien,Del Rey,"Tales from the Perilous Realm: ""Farmer Giles of Ham"", ""Leaf by Niggle"", ""Adventures of Tom Bombadil"" and ""Smith of Wootton Major""",J.R.R. Tolkien,HarperCollins Publishers,0
48365,237,1230,"The Ultimate Guide to Sexual Fantasy: How to Have Incredible Sex with Role Play, Sex Games, Erotic Massage, BDSM Play and Much, Much More (Ultimate Guides)",Violet Blue,Cleis Press,The Ultimate Guide to Sexual Fantasy: How to Turn Your Fantasies into Reality (Ultimate Guides Series),Violet Blue,Cleis Press,0
48367,251,1230,The Ultimate Guide to Sexual Fantasy: How to Turn Your Fantasies into Reality,Violet Blue,Cleis Press,The Ultimate Guide to Sexual Fantasy: How to Turn Your Fantasies into Reality (Ultimate Guides Series),Violet Blue,Cleis Press,1
49663,194,1262,Anatomy for Fantasy Artists: An Essential Guide to Creating Action Figures and Fantastical Forms,Glenn Fabry,Barron's Educational Series,Anatomy for Fantasy Artists: An Illustrator's Guide to Creating Action Figures and Fantastical Forms,Glenn Fabry,Barron's Educational Series,1
49806,727,1265,The Year's Best Fantasy Stories: 3 (Year's Best Fantasy),Lin Carter,DAW,The Year's Best Fantasy Stories 5,Lin Carter,DAW,0
49834,15,1267,"Dueling with Kings: High Stakes, Killer Sharks, and the Get-Rich Promise of Daily Fantasy Sports",Daniel Barbarisi,Touchstone,"Dueling with Kings: High Stakes, Killer Sharks, and the Get-Rich Promise of Daily Fantasy Sports",Daniel Barbarisi,Touchstone Books,1
52038,1702,1331,Inspector Hobbes and the Blood: unhuman I - A fast paced comedy crime fantasy (Volume 1),Wilkie Martin,The Witcherley Book Company,Inspector Hobbes and the Blood: Comedy Crime Fantasy,Wilkie Martin,Witcherley Book Company,0
52039,1747,1331,Inspector Hobbes and the Curse: unhuman II - a Fast Paced Comedy Crime Fantasy Romance (Volume 2),Wilkie Martin,The Witcherley Book Company,Inspector Hobbes and the Blood: Comedy Crime Fantasy,Wilkie Martin,Witcherley Book Company,0
52040,1820,1331,Inspector Hobbes and the Bones: Cozy Mystery Comedy Crime Fantasy (unhuman) (Volume 4),Wilkie Martin,The Witcherley Book Company,Inspector Hobbes and the Blood: Comedy Crime Fantasy,Wilkie Martin,Witcherley Book Company,0
52041,1872,1331,Inspector Hobbes and the Gold Diggers: Humorous mystery (unhuman) (Volume 3),Wilkie Martin,The Witcherley Book Company,Inspector Hobbes and the Blood: Comedy Crime Fantasy,Wilkie Martin,Witcherley Book Company,0
53131,1255,1353,On the Edge of the Dark Sea of Darkness (The Wingfeather Saga),Andrew Peterson,WaterBrook,On the Edge of the Dark Sea of Darkness: Adventure. Peril. Lost Jewels. And the Fearsome Toothy Cows of Skree.,Andrew Peterson,Oasis Audio,1
53412,727,1365,The Year's Best Fantasy Stories: 3 (Year's Best Fantasy),Lin Carter,DAW,The Year's Best Fantasy Stories 1,Lin Carter,DAW,0
53914,22,1379,Final Fantasy X Official Strategy Guide (Brady Games Signature Series),Dan Birlew,BRADY GAMES,Final Fantasy IX Official Strategy Guide (Video Game Books),Dan Birlew,BradyGames,0
53917,39,1379,"Final Fantasy X-2, Official Strategy Guide",Dan Birlew,BRADY GAMES,Final Fantasy IX Official Strategy Guide (Video Game Books),Dan Birlew,BradyGames,0
53921,106,1379,Final Fantasy Chronicles Official Strategy Guide: Chrono Trigger and Final Fantasy 4,Dan Birlew,Brady Games,Final Fantasy IX Official Strategy Guide (Video Game Books),Dan Birlew,BradyGames,0
53924,138,1379,The Art of Final Fantasy IX,Dan Birlew,Brady Games,Final Fantasy IX Official Strategy Guide (Video Game Books),Dan Birlew,BradyGames,0
55837,2259,1424,The Coming of Conan the Cimmerian: The Original Adventures of the Greatest Sword and Sorcery Hero of All Time!,Robert E. Howard,Del Rey,The Coming of Conan the Cimmerian: The Original Adventures of the Greatest Sword and Sorcery Hero of All Time!,Robert E. Howard,Tantor Media,1
55850,2486,1424,"The Bloody Crown of Conan (Conan of Cimmeria, Book 2)",Robert E. Howard,Del Rey,The Coming of Conan the Cimmerian: The Original Adventures of the Greatest Sword and Sorcery Hero of All Time!,Robert E. Howard,Tantor Media,0
56716,2488,1446,Writers of the Future Vol 34: #1 Bestselling Sci-Fi & Fantasy Short Stories of the Year,L. Ron Hubbard,Galaxy Press,Writers of the Future Volume 34: The Best New Sci Fi and Fantasy Short Stories of the Year,L. Ron Hubbard,,1
56999,69,1477,Democracy and Other Neoliberal Fantasies: Communicative Capitalism and Left Politics,Jodi Dean,Duke University Press,Democracy and Other Neoliberal Fantasies: Communicative Capitalism and Left Politics,Jodi Dean,Duke University Press Books,1
57290,611,1481,"The Very Best of Fantasy & Science Fiction, Volume 2",Gordon Van Gelder,Tachyon Publications,"Fantasy & Science Fiction, March/April 2014",Gordon Van Gelder,"Spilogale, Inc.",0
57630,113,1510,The Encyclopedia of Fantasy,John Grant,St. Martin's Griffin,The Encyclopedia of Fantasy and Science Fiction Art Techniques,John Grant,Running Press Book Publishers,0
58295,360,1527,Blackmark: An Epic Fantasy Adventure Sword and Highland Magic (The Kingsmen Chronicles) (Volume 1),Jean Lowe Carlson,Jean Lowe Carlson,Bloodmark (The Kingsmen Chronicles #2): An Epic Fantasy Adventure,Jean Lowe Carlson,Jean Lowe Carlson,0
58831,2153,1542,The Wizard of Oz,L. Frank Baum,Del Rey,"Dorothy and the wizard in Oz; a faithful record of their amazing adventures in an underground world, and how with the aid of their friends Zeb Hugson, Eureka the Kitten, and Jim the Cab-Horse, they finally reached the wonderful Land of Oz",L. Frank Baum,Chicago : Reilly & Lee,0
58909,2825,1542,"The Wonderful World of Oz: The Wizard of Oz, The Emerald City of Oz, Glinda of Oz (Classic, 20th-Century, Penguin)",L. Frank Baum,Penguin Classics,"Dorothy and the wizard in Oz; a faithful record of their amazing adventures in an underground world, and how with the aid of their friends Zeb Hugson, Eureka the Kitten, and Jim the Cab-Horse, they finally reached the wonderful Land of Oz",L. Frank Baum,Chicago : Reilly & Lee,0
59498,400,1551,Legends: Stories By The Masters of Modern Fantasy,Robert Silverberg,Tor Fantasy,Fantasy: The Best of 2001,Robert Silverberg,iBooks,0
59580,1281,1553,"The Magazine of Fantasy and Science Fiction, July 1969 (Volume 37, No. 1)",Fritz Leiber,Mercury Press,"The Big Time by Fritz Leiber, Science Fiction, Fantasy",Fritz Leiber,Aegypan,0
61597,611,1593,"The Very Best of Fantasy & Science Fiction, Volume 2",Gordon Van Gelder,Tachyon Publications,"The Magazine of Fantasy & Science Fiction, March/April 2015",Gordon Van Gelder,"Spilogale, Inc.",0
61839,1222,1594,"The Best Science Fiction and Fantasy of the Year, Vol. 3",Jonathan Strahan,Night Shade Books,The Best Science Fiction and Fantasy of the Year: Volume Eleven,Jonathan Strahan,Solaris,0
62131,3181,1600,Gemini Cell (Shadow Ops: Reawakening),Myke Cole,Ace,Gemini Cell (Reawakening Trilogy 1): A gripping military fantasy of battle and bloodshed,Myke Cole,Headline,0
62167,148,1602,The Fantasy of Feminist History (Next Wave Provocations),Joan Wallach Scott,Duke University Press Books,The Fantasy of Feminist History,Joan Wallach Scott,Duke University Press Books,1
63783,576,1639,"The Complete Guide to Writing Fantasy, Vol. 2: The Opus Magus",Tee Morris,Dragon Moon Press,The Complete Guide to Writing Fantasy: The Opus Magnus,Tee Morris,Dragon Moon Press,0
63915,2436,1640,"Castle Roogna (The Magic of Xanth, No. 3)",Piers Anthony,Ballantine Books / Del Rey,The Magic of Xanth: An Enchanting Fantasy Trilogy,Piers Anthony,Ballantine Books (Mm),0
63923,2649,1640,"Night Mare (The Magic of Xanth, No. 6)",Piers Anthony,Del Rey,The Magic of Xanth: An Enchanting Fantasy Trilogy,Piers Anthony,Ballantine Books (Mm),0
63936,2758,1640,"Golem in the Gears (The Magic of Xanth, Book 9)",Piers Anthony,Del Rey,The Magic of Xanth: An Enchanting Fantasy Trilogy,Piers Anthony,Ballantine Books (Mm),0
63943,2901,1640,Well-Tempered Clavicle: A Fabulous Escapade in the Land of Xanth,Piers Anthony,Tor Fantasy,The Magic of Xanth: An Enchanting Fantasy Trilogy,Piers Anthony,Ballantine Books (Mm),0
64811,209,1666,Shared Fantasy: Role Playing Games as Social Worlds,Gary Alan Fine,University of Chicago Press,Shared Fantasy: Role Playing Games as Social Worlds,Gary Alan Fine,University Of Chicago Press,1
64845,1053,1669,Drawing & Painting Fantasy Worlds,Finlay Cowan,IMPACT,Drawing & Painting Fantasy Figures: From the Imagination to the Page,Finlay Cowan,Barron's Educational Series,1
65135,1059,1672,Sweet Life 2: Erotic Fantasies for Couples,Violet Blue,Cleis Press,Sweet Confessions: Erotic Fantasies for Couples,Violet Blue,Cleis Press,0
65318,515,1681,Worlds Apart: An Anthology of Russian Fantasy and Science Fiction,Alexander Levitsky,The Overlook Press,Worlds Apart: An Anthology of Russian Science Fiction and Fantasy,Alexander Levitsky,The Overlook Press,1
66338,519,1713,"Fantasies of the Master Race: Literature, Cinema, and the Colonization of American Indians",Ward Churchill,City Lights Publishers,"Fantasies of the Master Race: Literature, Cinema & the Colonization of American Indians",Ward Churchill,City Lights Publishers,1
66777,1059,1739,Sweet Life 2: Erotic Fantasies for Couples,Violet Blue,Cleis Press,Sweet Love: Erotic Fantasies for Couples,Violet Blue,Cleis Press,0
67280,547,1743,The Book of Fantasy,Jorge Luis Borges,Carroll & Graf Pub,The Book of Fantasy,Jorge Luis Borges,Viking Books,1
68005,395,1750,"Male Fantasies, Vol. 1: Women, Floods, Bodies, History (Theory and History of Literature, Vol. 22) (Volume 1)",Klaus Theweleit,Univ Of Minnesota Press,Male Fantasies: Volume 2: Male Bodies: Psychoanalyzing the White Terror,Klaus Theweleit,Univ Of Minnesota Press,0
69427,666,1786,Gurp's Fantasy Folk,Chris W. McCubbin,Steve Jackson Games,GURPS Fantasy Folk,Chris W. McCubbin,Steve Jackson Games,1
70091,2635,1825,Wolf in Shadow (The Stones of Power: Jon Shannow Trilogy),David Gemmell,Del Rey,Wolf In Shadow,David Gemmell,,1
70798,687,1834,J.R.R. Tolkien: Master of Fantasy (Lerner Biographies),David R. Collins,First Avenue Editions,J.R.R. Tolkien: Master of Fantasy,David R. Collins,Lerner Publishing Group,1
72595,232,1866,Final Fantasy XII: The Complete Guide,Piggyback,Piggyback Interactive,Final Fantasy X: The Official Strategy Guide,Piggyback,Piggyback Interactive,0
72602,377,1866,Final Fantasy XIII: Complete Official Guide - Standard Edition,Piggyback,Piggyback,Final Fantasy X: The Official Strategy Guide,Piggyback,Piggyback Interactive,0
72616,524,1866,Lightning Returns: Final Fantasy XIII: The Complete Official Guide,Piggyback,Piggyback,Final Fantasy X: The Official Strategy Guide,Piggyback,Piggyback Interactive,0
72619,538,1866,Final Fantasy XIII-2 - The Complete Official Guide,Piggyback,Piggyback Interactive,Final Fantasy X: The Official Strategy Guide,Piggyback,Piggyback Interactive,0
72630,663,1866,Final Fantasy X-2: The Official Guide,Piggyback,Piggyback Interactive,Final Fantasy X: The Official Strategy Guide,Piggyback,Piggyback Interactive,0
72712,83,1871,The Fantasy Illustrator's Technique Book (Quarto Book),Gary A. Lippincott,Barron's Educational Series,"The Fantasy Illustrator's Technique Book: From Creating Characters To Selling Your Work, Learn The Skills Of The Professional Fantasy Artist",Gary A. Lippincott,David & Charles Publishers,0
73138,1053,1873,Drawing & Painting Fantasy Worlds,Finlay Cowan,IMPACT,Drawing & Painting Fantasy Worlds,Finlay Cowan,Writer's Digest Books,1
74074,1222,1899,"The Best Science Fiction and Fantasy of the Year, Vol. 3",Jonathan Strahan,Night Shade Books,"The Best Science Fiction and Fantasy of the Year, Volume Ten",Jonathan Strahan,Solaris,0
75764,824,1932,His Driven Domme (The Dungeon Fantasy Club) (Volume 4),Anya Summers,Blushing Books Publications,His Driven Domme,Anya Summers,Blushing Books Publications,1
76639,2591,1950,Gentlemen of the Road: A Tale of Adventure,Michael Chabon,Del Rey,Gentlemen of the Road: A Tale of Adventure,Michael Chabon,Del Rey,1
77471,84,1975,Writing Fantasy: The Top 100 Best Strategies For Writing Fantasy Stories,Blaine Hart,Lord Hart Productions,"Writing Fantasy: The Top 100 Best Strategies For Writing Fantasy Stories (Fantasy Writing, Writing Fantasy, Writing Fantasy Novels, Writing Fantasy Short Stories, Writing Fantasy Fiction)",Blaine Hart,Lord Hart Productions,1
78218,527,2002,8: The Year's Best Science Fiction & Fantasy 2016 Edition (Year's Best Science Fiction and Fantasy),Rich Horton,Prime Books,The Year's Best Science Fiction & Fantasy 2015 Edition,Rich Horton,Prime Books,0
78228,796,2002,"The Year's Best Science Fiction & Fantasy, 2009 Edition (Year's Best Science Fiction and Fantasy)",Rich Horton,Prime Books,The Year's Best Science Fiction & Fantasy 2015 Edition,Rich Horton,Prime Books,0
78613,527,2011,8: The Year's Best Science Fiction & Fantasy 2016 Edition (Year's Best Science Fiction and Fantasy),Rich Horton,Prime Books,The Year's Best Science Fiction & Fantasy 2016,Rich Horton,Prime Books,1
78623,796,2011,"The Year's Best Science Fiction & Fantasy, 2009 Edition (Year's Best Science Fiction and Fantasy)",Rich Horton,Prime Books,The Year's Best Science Fiction & Fantasy 2016,Rich Horton,Prime Books,0
78705,22,2013,Final Fantasy X Official Strategy Guide (Brady Games Signature Series),Dan Birlew,BRADY GAMES,Final Fantasy X-2 Official Strategy Guide,Dan Birlew,BradyGames,0
78707,39,2013,"Final Fantasy X-2, Official Strategy Guide",Dan Birlew,BRADY GAMES,Final Fantasy X-2 Official Strategy Guide,Dan Birlew,BradyGames,1
78711,106,2013,Final Fantasy Chronicles Official Strategy Guide: Chrono Trigger and Final Fantasy 4,Dan Birlew,Brady Games,Final Fantasy X-2 Official Strategy Guide,Dan Birlew,BradyGames,0
78727,426,2013,FINAL FANTASY X-2 Limited Edition,Dan Birlew,BRADY GAMES,Final Fantasy X-2 Official Strategy Guide,Dan Birlew,BradyGames,0
78808,527,2014,8: The Year's Best Science Fiction & Fantasy 2016 Edition (Year's Best Science Fiction and Fantasy),Rich Horton,Prime Books,"Fantasy: The Best of the Year, 2008 Edition",Rich Horton,Wildside Press,0
78829,796,2014,"The Year's Best Science Fiction & Fantasy, 2009 Edition (Year's Best Science Fiction and Fantasy)",Rich Horton,Prime Books,"Fantasy: The Best of the Year, 2008 Edition",Rich Horton,Wildside Press,0
78855,351,2015,"Fantasy Art Drawing Skills: All the Art Techniques, Demonstrations, and Short Cuts You Need to Master Fantasy Art",Socar Myles,Barron's Educational Series,Fantasy Art Drawing Skills,Socar Myles,Search,1
80256,35,2044,"Now Write! Science Fiction, Fantasy and Horror: Speculative Genre Exercises from Today's Best Writers and Teachers",Laurie Lamson,TarcherPerigee,"Now Write! Science Fiction, Fantasy and Horror: Speculative Genre Exercises from Today's Best Writers and Teachers",Laurie Lamson,TarcherPerigee,1
80524,2669,2049,The Drawing of the Dark: A Novel (Del Rey Impact),Tim Powers,Del Rey,The Drawing of the Dark (Fantasy Masterworks),Tim Powers,Gollancz,0
83092,409,2117,The Dreamer and the Fantasy Relationship,Natalie Lue,CreateSpace Independent Publishing Platform,The Dreamer and the Fantasy Relationship,Natalie Lue,,1
83182,852,2118,The Year's Best Fantasy and Horror: Eighteenth Annual Collection (Year's Best Fantasy & Horror (Paperback)),Ellen Datlow,St. Martin's Griffin,"Poe: 19 New Tales of Suspense, Dark Fantasy, and Horror Inspired by Edgar Allan Poe",Ellen Datlow,Solaris,0
84602,350,2154,How to Write Science Fiction & Fantasy,Orson Scott Card,Writer's Digest Books,Writing Fantasy & Science Fiction: How to Create Out-Of-This-World Novels and Short Stories,Orson Scott Card,Writer's Digest Books,0
84675,1085,2156,Writers Workshop of Science Fiction & Fantasy,Michael Knost,"Seventh Star Press, LLC",Writers Workshop of Science Fiction & Fantasy,Michael Knost,Seventh Star Press,1
85145,527,2168,8: The Year's Best Science Fiction & Fantasy 2016 Edition (Year's Best Science Fiction and Fantasy),Rich Horton,Prime Books,"Fantasy: The Best of the Year, 2007 Edition",Rich Horton,Wildside Press,0
85166,796,2168,"The Year's Best Science Fiction & Fantasy, 2009 Edition (Year's Best Science Fiction and Fantasy)",Rich Horton,Prime Books,"Fantasy: The Best of the Year, 2007 Edition",Rich Horton,Wildside Press,0
85194,1,2170,Rise of the Dragons (Kings and Sorcerers--Book 1),Morgan Rice,Morgan Rice,Morgan Rice: Epic Fantasy Bundle [Rise of Dragons / A Quest of Heroes],Morgan Rice,Morgan Rice,0
85195,3,2170,A Quest of Heroes: Book #1 in the Sorcerer's Ring,Morgan Rice,Morgan Rice,Morgan Rice: Epic Fantasy Bundle [Rise of Dragons / A Quest of Heroes],Morgan Rice,Morgan Rice,0
85633,527,2191,8: The Year's Best Science Fiction & Fantasy 2016 Edition (Year's Best Science Fiction and Fantasy),Rich Horton,Prime Books,"The Year's Best Science Fiction & Fantasy, 2010",Rich Horton,Prime Books,0
85643,796,2191,"The Year's Best Science Fiction & Fantasy, 2009 Edition (Year's Best Science Fiction and Fantasy)",Rich Horton,Prime Books,"The Year's Best Science Fiction & Fantasy, 2010",Rich Horton,Prime Books,0
85666,408,2198,The Year’s Best Dark Fantasy & Horror 2017 Edition,Paula Guran,Prime Books,"The Year's Best Dark Fantasy & Horror, 2015 Edition",Paula Guran,Prime Books,0
85669,447,2198,The Year’s Best Dark Fantasy & Horror 2016 Edition,Paula Guran,Prime Books,"The Year's Best Dark Fantasy & Horror, 2015 Edition",Paula Guran,Prime Books,0
85674,636,2198,The Year's Best Dark Fantasy & Horror 2015 Edition,Paula Guran,Prime Books,"The Year's Best Dark Fantasy & Horror, 2015 Edition",Paula Guran,Prime Books,1
86045,36,2201,Fantasy Football For Dummies,Martin Signore,For Dummies,Fantasy Football for Dummies,Martin Signore,For Dummies,1
86104,400,2203,Legends: Stories By The Masters of Modern Fantasy,Robert Silverberg,Tor Fantasy,Legends II: New Short Novels by the Masters of Modern Fantasy,Robert Silverberg,Del Rey Books,0
87130,527,2229,8: The Year's Best Science Fiction & Fantasy 2016 Edition (Year's Best Science Fiction and Fantasy),Rich Horton,Prime Books,"The Year's Best Science Fiction & Fantasy, 2013",Rich Horton,Prime Books,0
87140,796,2229,"The Year's Best Science Fiction & Fantasy, 2009 Edition (Year's Best Science Fiction and Fantasy)",Rich Horton,Prime Books,"The Year's Best Science Fiction & Fantasy, 2013",Rich Horton,Prime Books,0
87167,1058,2230,The Mammoth Book of Comic Fantasy (Mammoth Books),Mike Ashley,Running Press,Mammoth Book Of Seriously Comic Fantasy,Mike Ashley,Constable & Robinson,0
88876,1059,2270,Sweet Life 2: Erotic Fantasies for Couples,Violet Blue,Cleis Press,Taboo: Forbidden Fantasies for Couples,Violet Blue,Cleis Press,0
88948,227,2274,Animals Real and Imagined: Fantasy of What Is and What Might Be,Terryl Whitlatch,Design Studio Press,Animals Real and Imagined: The Fantasy of What Is and What Might Be,Terryl Whitlatch,Design Studio Press,1
90248,1059,2301,Sweet Life 2: Erotic Fantasies for Couples,Violet Blue,Cleis Press,Sweet Life: Erotic Fantasies for Couples,Violet Blue,Cleis Press,0
92538,611,2345,"The Very Best of Fantasy & Science Fiction, Volume 2",Gordon Van Gelder,Tachyon Publications,The Very Best of Fantasy & Science Fiction: Sixtieth Anniversary Anthology,Gordon Van Gelder,Tachyon Publications,0
93749,527,2375,8: The Year's Best Science Fiction & Fantasy 2016 Edition (Year's Best Science Fiction and Fantasy),Rich Horton,Prime Books,"The Year's Best Science Fiction & Fantasy, 2014",Rich Horton,Prime Books,0
93759,796,2375,"The Year's Best Science Fiction & Fantasy, 2009 Edition (Year's Best Science Fiction and Fantasy)",Rich Horton,Prime Books,"The Year's Best Science Fiction & Fantasy, 2014",Rich Horton,Prime Books,0
93783,60,2378,Final Fantasy Anthology Official Strategy Guide (Brady Games),David Cassady,Brady Games,Final Fantasy VIII Official Strategy Guide,David Cassady,BradyGames,0
93800,401,2378,"Official Final Fantasy VII Strategy Guide, Playstation Version (v. 1)",David Cassady,BRADY GAMES,Final Fantasy VIII Official Strategy Guide,David Cassady,BradyGames,0
93805,478,2378,Final Fantasy VII Official Strategy Guide (Official Strategy Guides) (v. 2),David Cassady,BRADY GAMES,Final Fantasy VIII Official Strategy Guide,David Cassady,BradyGames,0
94449,1058,2386,The Mammoth Book of Comic Fantasy (Mammoth Books),Mike Ashley,Running Press,The Pendragon Chronicles: Heroic Fantasy from the Time of King Arthur,Mike Ashley,Peter Bedrick Books,0
94611,852,2387,The Year's Best Fantasy and Horror: Eighteenth Annual Collection (Year's Best Fantasy & Horror (Paperback)),Ellen Datlow,St. Martin's Griffin,The Year's Best Fantasy and Horror Fourth Annual Collection,Ellen Datlow,St Martins Press,0
94972,2153,2401,The Wizard of Oz,L. Frank Baum,Del Rey,"Ozma of Oz: A Record of Her Adventures With Dorothy Gale of Kansas, the Yellow Hen, the Scarecrow, the Tin Woodman, Tiktok, the Cowardly Lion and the",L. Frank Baum,McGraw-Hill/Contemporary Books,0
95027,2825,2401,"The Wonderful World of Oz: The Wizard of Oz, The Emerald City of Oz, Glinda of Oz (Classic, 20th-Century, Penguin)",L. Frank Baum,Penguin Classics,"Ozma of Oz: A Record of Her Adventures With Dorothy Gale of Kansas, the Yellow Hen, the Scarecrow, the Tin Woodman, Tiktok, the Cowardly Lion and the",L. Frank Baum,McGraw-Hill/Contemporary Books,0
95410,232,2418,Final Fantasy XII: The Complete Guide,Piggyback,Piggyback Interactive,Final Fantasy XIII-2: The Complete Official Guide,Piggyback,Prima Games,0
95417,377,2418,Final Fantasy XIII: Complete Official Guide - Standard Edition,Piggyback,Piggyback,Final Fantasy XIII-2: The Complete Official Guide,Piggyback,Prima Games,0
95431,524,2418,Lightning Returns: Final Fantasy XIII: The Complete Official Guide,Piggyback,Piggyback,Final Fantasy XIII-2: The Complete Official Guide,Piggyback,Prima Games,0
95434,538,2418,Final Fantasy XIII-2 - The Complete Official Guide,Piggyback,Piggyback Interactive,Final Fantasy XIII-2: The Complete Official Guide,Piggyback,Prima Games,1
95446,663,2418,Final Fantasy X-2: The Official Guide,Piggyback,Piggyback Interactive,Final Fantasy XIII-2: The Complete Official Guide,Piggyback,Prima Games,0
95487,144,2420,The Guide to Writing Fantasy and Science Fiction: 6 Steps to Writing and Publishing Your Bestseller!,Philip Athans,Adams Media,The Guide to Writing Fantasy and Science Fiction: 6 Steps to Writing and Publishing Your Bestseller!,Philip Athans,Adams Media,1
95553,574,2420,"Writing Monsters: How to Craft Believably Terrifying Creatures to Enhance Your Horror, Fantasy, and Science Fiction",Philip Athans,Writer's Digest Books,The Guide to Writing Fantasy and Science Fiction: 6 Steps to Writing and Publishing Your Bestseller!,Philip Athans,Adams Media,0
95675,852,2423,The Year's Best Fantasy and Horror: Eighteenth Annual Collection (Year's Best Fantasy & Horror (Paperback)),Ellen Datlow,St. Martin's Griffin,The Year's Best Fantasy and Horror 2008: Twenty-First Annual Collection,Ellen Datlow,Griffin,0
95949,67,2429,Kanye West's My Beautiful Dark Twisted Fantasy (33 1/3),Kirk Walker Graves,Bloomsbury Academic,Kanye West's My Beautiful Dark Twisted Fantasy,Kirk Walker Graves,Bloomsbury Academic,1
95950,171,2431,John Howe Fantasy Drawing Workshop,John Howe,IMPACT,Fantasy Drawing Workshop,John Howe,Impact,1
96924,1038,2462,Raptor: Urban Fantasy Noir (Volume 1),B.A. Bostick,Enchanted Indie Press,Raptor: Urban Fantasy Noir,B.A. Bostick,Enchanted Indie Press,0
98042,1222,2496,"The Best Science Fiction and Fantasy of the Year, Vol. 3",Jonathan Strahan,Night Shade Books,Eclipse 3: New Science Fiction and Fantasy,Jonathan Strahan,Night Shade Books,0
98066,852,2498,The Year's Best Fantasy and Horror: Eighteenth Annual Collection (Year's Best Fantasy & Horror (Paperback)),Ellen Datlow,St. Martin's Griffin,The Year's Best Fantasy: Second Annual Collection,Ellen Datlow,St. Martin's Press,1
98143,395,2501,"Male Fantasies, Vol. 1: Women, Floods, Bodies, History (Theory and History of Literature, Vol. 22) (Volume 1)",Klaus Theweleit,Univ Of Minnesota Press,"Male Fantasies: Volume 1: Women, Floods, Bodies, History",Klaus Theweleit,Univ Of Minnesota Press,0
98889,852,2509,The Year's Best Fantasy and Horror: Eighteenth Annual Collection (Year's Best Fantasy & Horror (Paperback)),Ellen Datlow,St. Martin's Griffin,The Year's Best Fantasy and Horror: Sixth Annual Collection,Ellen Datlow,St. Martin's Griffin,0
100023,1222,2536,"The Best Science Fiction and Fantasy of the Year, Vol. 3",Jonathan Strahan,Night Shade Books,Eclipse Four: New Science Fiction and Fantasy,Jonathan Strahan,Night Shade Books,0
101316,527,2571,8: The Year's Best Science Fiction & Fantasy 2016 Edition (Year's Best Science Fiction and Fantasy),Rich Horton,Prime Books,"The Year's Best Science Fiction & Fantasy, 2012",Rich Horton,Prime Books,0
101326,796,2571,"The Year's Best Science Fiction & Fantasy, 2009 Edition (Year's Best Science Fiction and Fantasy)",Rich Horton,Prime Books,"The Year's Best Science Fiction & Fantasy, 2012",Rich Horton,Prime Books,0
101845,1058,2577,The Mammoth Book of Comic Fantasy (Mammoth Books),Mike Ashley,Running Press,The Mammoth Book of Awesome Comic Fantasy,Mike Ashley,Running Press Book Publishers,0
102275,1222,2578,"The Best Science Fiction and Fantasy of the Year, Vol. 3",Jonathan Strahan,Night Shade Books,"The Best Science Fiction and Fantasy of the Year, Volume 9",Jonathan Strahan,Solaris,0
102474,527,2581,8: The Year's Best Science Fiction & Fantasy 2016 Edition (Year's Best Science Fiction and Fantasy),Rich Horton,Prime Books,"The Year's Best Science Fiction & Fantasy, 2009",Rich Horton,Prime Books,0
102484,796,2581,"The Year's Best Science Fiction & Fantasy, 2009 Edition (Year's Best Science Fiction and Fantasy)",Rich Horton,Prime Books,"The Year's Best Science Fiction & Fantasy, 2009",Rich Horton,Prime Books,1
103989,23,2610,How to Draw and Paint Fantasy Architecture: From Ancient Citadels and Gothic Castles to Subterranean Palaces and Floating Fortresses,Rob Alexander,Barron's Educational Series,How to Draw and Paint Fantasy Architecture,Rob Alexander,Barron's Educational Series,1
104033,41,2611,The Best American Science Fiction and Fantasy 2017 (The Best American Series ®),John Joseph Adams,Mariner Books,The Best American Science Fiction and Fantasy 2017,John Joseph Adams,Mariner Books,1
104035,44,2611,The Best American Science Fiction and Fantasy 2015 (The Best American Series ®),John Joseph Adams,Mariner Books,The Best American Science Fiction and Fantasy 2017,John Joseph Adams,Mariner Books,0
104036,56,2611,The Best American Science Fiction and Fantasy 2016 (The Best American Series ®),John Joseph Adams,Mariner Books,The Best American Science Fiction and Fantasy 2017,John Joseph Adams,Mariner Books,0
104119,13,2615,Grimgar of Fantasy and Ash (Light Novel) Vol. 1,Ao Jyumonji,Seven Seas,Grimgar of Fantasy and Ash: Volume 3,Ao Jyumonji,J-Novel Club,0
104121,16,2615,Grimgar of Fantasy and Ash (Light Novel) Vol. 3,Ao Jyumonji,Seven Seas,Grimgar of Fantasy and Ash: Volume 3,Ao Jyumonji,J-Novel Club,1
104122,20,2615,Grimgar of Fantasy and Ash (Light Novel) Vol. 6,Ao Jyumonji,Seven Seas,Grimgar of Fantasy and Ash: Volume 3,Ao Jyumonji,J-Novel Club,0
104162,347,2615,Grimgar of Fantasy and Ash (Light Novel) Vol. 2,Ao Jyumonji,Seven Seas,Grimgar of Fantasy and Ash: Volume 3,Ao Jyumonji,J-Novel Club,0
104170,387,2615,Grimgar of Fantasy and Ash (Light Novel) Vol. 4,Ao Jyumonji,Seven Seas,Grimgar of Fantasy and Ash: Volume 3,Ao Jyumonji,J-Novel Club,0
104173,402,2615,"Grimgar of Fantasy and Ash, Vol. 3 (manga) (Grimgar of Fantasy and Ash (manga))",Ao Jyumonji,Yen Press,Grimgar of Fantasy and Ash: Volume 3,Ao Jyumonji,J-Novel Club,0
104175,436,2615,Grimgar of Fantasy and Ash (Light Novel) Vol. 8,Ao Jyumonji,Seven Seas,Grimgar of Fantasy and Ash: Volume 3,Ao Jyumonji,J-Novel Club,0
104176,451,2615,Grimgar of Fantasy and Ash (Light Novel) Vol. 7,Ao Jyumonji,Seven Seas,Grimgar of Fantasy and Ash: Volume 3,Ao Jyumonji,J-Novel Club,0
104183,582,2615,"Grimgar of Fantasy and Ash, Vol. 2 (manga) (Grimgar of Fantasy and Ash (manga))",Ao Jyumonji,Yen Press,Grimgar of Fantasy and Ash: Volume 3,Ao Jyumonji,J-Novel Club,0
104242,232,2616,Final Fantasy XII: The Complete Guide,Piggyback,Piggyback Interactive,Final Fantasy XIII: Complete Official Guide - Collector's Edition,Piggyback,Piggyback,0
104247,377,2616,Final Fantasy XIII: Complete Official Guide - Standard Edition,Piggyback,Piggyback,Final Fantasy XIII: Complete Official Guide - Collector's Edition,Piggyback,Piggyback,0
104249,407,2616,Final Fantasy XV: Standard Edition,Piggyback,Piggyback,Final Fantasy XIII: Complete Official Guide - Collector's Edition,Piggyback,Piggyback,0
104257,524,2616,Lightning Returns: Final Fantasy XIII: The Complete Official Guide,Piggyback,Piggyback,Final Fantasy XIII: Complete Official Guide - Collector's Edition,Piggyback,Piggyback,0
104260,538,2616,Final Fantasy XIII-2 - The Complete Official Guide,Piggyback,Piggyback Interactive,Final Fantasy XIII: Complete Official Guide - Collector's Edition,Piggyback,Piggyback,0
104269,663,2616,Final Fantasy X-2: The Official Guide,Piggyback,Piggyback Interactive,Final Fantasy XIII: Complete Official Guide - Collector's Edition,Piggyback,Piggyback,0
104292,60,2622,Final Fantasy Anthology Official Strategy Guide (Brady Games),David Cassady,Brady Games,Final Fantasy XII: Signature Series Guide,David Cassady,Brady Games,0
104310,401,2622,"Official Final Fantasy VII Strategy Guide, Playstation Version (v. 1)",David Cassady,BRADY GAMES,Final Fantasy XII: Signature Series Guide,David Cassady,Brady Games,0
104315,478,2622,Final Fantasy VII Official Strategy Guide (Official Strategy Guides) (v. 2),David Cassady,BRADY GAMES,Final Fantasy XII: Signature Series Guide,David Cassady,Brady Games,0
104946,852,2651,The Year's Best Fantasy and Horror: Eighteenth Annual Collection (Year's Best Fantasy & Horror (Paperback)),Ellen Datlow,St. Martin's Griffin,The Year's Best Fantasy and Horror: Fifth Annual Collection,Ellen Datlow,St. Martin's Griffin,0
104957,2220,2652,The Black Company (Chronicles of The Black Company #1),Glen Cook,Tor Fantasy,The Black Company 2 - Todesschatten: Ein Dark-Fantasy-Roman von Kult Autor Glen Cook,Glen Cook,Mantikore-Verlag,0
104958,2286,2652,Books of the South: Tales of the Black Company (Shadow Games / Dreams of Steel / The Silver Spike),Glen Cook,Tor Books,The Black Company 2 - Todesschatten: Ein Dark-Fantasy-Roman von Kult Autor Glen Cook,Glen Cook,Mantikore-Verlag,0
104959,2328,2652,Chronicles of the Black Company,Glen Cook,Tor Books,The Black Company 2 - Todesschatten: Ein Dark-Fantasy-Roman von Kult Autor Glen Cook,Glen Cook,Mantikore-Verlag,0
104960,2438,2652,The Many Deaths of the Black Company (Chronicles of The Black Company),Glen Cook,Tor Books,The Black Company 2 - Todesschatten: Ein Dark-Fantasy-Roman von Kult Autor Glen Cook,Glen Cook,Mantikore-Verlag,0
104961,2927,2652,The Return of the Black Company (Chronicles of The Black Company),Glen Cook,Tor Books,The Black Company 2 - Todesschatten: Ein Dark-Fantasy-Roman von Kult Autor Glen Cook,Glen Cook,Mantikore-Verlag,0
104962,3195,2652,Water Sleeps: A Novel of the Black Company (Chronicles of The Black Company),Glen Cook,Tor Fantasy,The Black Company 2 - Todesschatten: Ein Dark-Fantasy-Roman von Kult Autor Glen Cook,Glen Cook,Mantikore-Verlag,0
104963,3344,2652,Dreams of Steel (Chronicles of The Black Company),Glen Cook,Tor Books,The Black Company 2 - Todesschatten: Ein Dark-Fantasy-Roman von Kult Autor Glen Cook,Glen Cook,Mantikore-Verlag,0
106344,497,2681,"Final Fantasy Type-0 Side Story, Vol. 1: The Ice Reaper (Final Fantasy 0-Type)",Tetsuya Nomura,Yen Press,"Final Fantasy Type-0 Side Story, Vol. 1: The Ice Reaper",Tetsuya Nomura,Yen Press,1
106562,2990,2683,"The Collected John Carter of Mars, Vol. 2: Thuvia, Maid of Mars / The Chessmen of Mars / The Master Mind of Mars / A Fighting Man of Mars",Edgar Rice Burroughs,Disney Editions,Warlord of Mars: A Classic Science Fantasy Novel,Edgar Rice Burroughs,Createspace Independent Publishing Platform,0
106567,3082,2683,"1: The Collected John Carter of Mars (A Princess of Mars, Gods of Mars, and Warlord of Mars)",Edgar Rice Burroughs,Disney Editions,Warlord of Mars: A Classic Science Fantasy Novel,Edgar Rice Burroughs,Createspace Independent Publishing Platform,0
107433,22,2719,Final Fantasy X Official Strategy Guide (Brady Games Signature Series),Dan Birlew,BRADY GAMES,FINAL FANTASY X Official Strategy Guide,Dan Birlew,BradyGames,1
107435,39,2719,"Final Fantasy X-2, Official Strategy Guide",Dan Birlew,BRADY GAMES,FINAL FANTASY X Official Strategy Guide,Dan Birlew,BradyGames,0
107439,106,2719,Final Fantasy Chronicles Official Strategy Guide: Chrono Trigger and Final Fantasy 4,Dan Birlew,Brady Games,FINAL FANTASY X Official Strategy Guide,Dan Birlew,BradyGames,0
107480,86,2720,Fantasy Genesis: A Creativity Game for Fantasy Artists,Chuck Lukacs,IMPACT Books,Fantasy Genesis: A Creativity Game for Fantasy Artists,Chuck Lukacs,IMPACT,1
107492,403,2720,Fantasy Genesis Characters: A creativity game for drawing original people and creatures,Chuck Lukacs,IMPACT Books,Fantasy Genesis: A Creativity Game for Fantasy Artists,Chuck Lukacs,IMPACT,0
107737,1222,2723,"The Best Science Fiction and Fantasy of the Year, Vol. 3",Jonathan Strahan,Night Shade Books,"The Best Science Fiction and Fantasy of the Year, Volume 4",Jonathan Strahan,Night Shade Books,0
108170,619,2733,"Fantasy Freaks and Gaming Geeks: An Epic Quest For Reality Among Role Players, Online Gamers, And Other Dwellers Of Imaginary Realms",Ethan Gilsdorf,Lyons Press,"Fantasy Freaks and Gaming Geeks: An Epic Quest for Reality Among Role Players, Online Gamers, and Other Dwellers of Imaginary Realms",Ethan Gilsdorf,Lyons Press,1
108256,527,2734,8: The Year's Best Science Fiction & Fantasy 2016 Edition (Year's Best Science Fiction and Fantasy),Rich Horton,Prime Books,"The Year's Best Science Fiction and Fantasy, 2011 Edition",Rich Horton,Prime Books,0
108276,796,2734,"The Year's Best Science Fiction & Fantasy, 2009 Edition (Year's Best Science Fiction and Fantasy)",Rich Horton,Prime Books,"The Year's Best Science Fiction and Fantasy, 2011 Edition",Rich Horton,Prime Books,0
109096,487,2762,Final Fantasy Type-0,Hiroki Chiba,Yen Press,Final Fantasy Type-0,Hiroki Chiba,Yen Press,1
109324,1222,2764,"The Best Science Fiction and Fantasy of the Year, Vol. 3",Jonathan Strahan,Night Shade Books,"The Best Science Fiction and Fantasy of the Year, Volume 3",Jonathan Strahan,Night Shade Books,1
110428,852,2772,The Year's Best Fantasy and Horror: Eighteenth Annual Collection (Year's Best Fantasy & Horror (Paperback)),Ellen Datlow,St. Martin's Griffin,The Year's Best Fantasy and Horror: Fourteenth Annual Collection,Ellen Datlow,St. Martin's Griffin,0
110499,852,2774,The Year's Best Fantasy and Horror: Eighteenth Annual Collection (Year's Best Fantasy & Horror (Paperback)),Ellen Datlow,St. Martin's Griffin,The Year's Best Fantasy and Horror: Third Annual Collection,Ellen Datlow,St. Martin's Griffin,0
110572,852,2775,The Year's Best Fantasy and Horror: Eighteenth Annual Collection (Year's Best Fantasy & Horror (Paperback)),Ellen Datlow,St. Martin's Griffin,The Year's Best Fantasy and Horror: Eighth Annual Collection,Ellen Datlow,St. Martin's Griffin,0
110911,1177,2790,Harold and the Purple Crayon (Purple Crayon Books),Crockett Johnson,HarperCollins,The Adventures of Harold and the Purple Crayon,Crockett Johnson,HarperCollins,1
111272,852,2800,The Year's Best Fantasy and Horror: Eighteenth Annual Collection (Year's Best Fantasy & Horror (Paperback)),Ellen Datlow,St. Martin's Griffin,The Year's Best Fantasy First Annual Collection,Ellen Datlow,St. Martin's Griffin (NY),0
111588,107,2806,Who's Been Sleeping in Your Head: The Secret World of Sexual Fantasies,Brett Kahr,Basic Books,Who's Been Sleeping in Your Head?: The Secret World of Sexual Fantasy,Brett Kahr,Basic Books (AZ),1
111762,360,2807,Blackmark: An Epic Fantasy Adventure Sword and Highland Magic (The Kingsmen Chronicles) (Volume 1),Jean Lowe Carlson,Jean Lowe Carlson,Blackmark (The Kingsmen Chronicles #1): An Epic Fantasy Adventure Sword and Highland Magic,Jean Lowe Carlson,Jean Lowe Carlson,1
112080,1222,2808,"The Best Science Fiction and Fantasy of the Year, Vol. 3",Jonathan Strahan,Night Shade Books,"The Best Science Fiction and Fantasy of the Year, Volume 8",Jonathan Strahan,Solaris,0
112829,337,2817,Tarzan of the Apes (Penguin Classics),Edgar Rice Burroughs,Penguin Classics,"Tarzan of the Apes (Fall River Press Edition): The Adventures of Lord Greystoke, Book One",Edgar Rice Burroughs,Fall River,0
113052,2798,2817,Tarzan of the Apes,Edgar Rice Burroughs,Digireads.com,"Tarzan of the Apes (Fall River Press Edition): The Adventures of Lord Greystoke, Book One",Edgar Rice Burroughs,Fall River,0
113499,1114,2834,The Tough Guide to Fantasyland: The Essential Guide to Fantasy Travel,Diana Wynne Jones,Firebird,The Tough Guide to Fantasy Land,Diana Wynne Jones,Gollancz,1
113985,852,2846,The Year's Best Fantasy and Horror: Eighteenth Annual Collection (Year's Best Fantasy & Horror (Paperback)),Ellen Datlow,St. Martin's Griffin,The Year's Best Fantasy and Horror: Eleventh Annual Collection,Ellen Datlow,St. Martin's Press,0
113998,13,2847,Grimgar of Fantasy and Ash (Light Novel) Vol. 1,Ao Jyumonji,Seven Seas,Grimgar of Fantasy and Ash: Volume 2,Ao Jyumonji,J-Novel Club,0
114000,16,2847,Grimgar of Fantasy and Ash (Light Novel) Vol. 3,Ao Jyumonji,Seven Seas,Grimgar of Fantasy and Ash: Volume 2,Ao Jyumonji,J-Novel Club,0
114001,20,2847,Grimgar of Fantasy and Ash (Light Novel) Vol. 6,Ao Jyumonji,Seven Seas,Grimgar of Fantasy and Ash: Volume 2,Ao Jyumonji,J-Novel Club,0
114044,347,2847,Grimgar of Fantasy and Ash (Light Novel) Vol. 2,Ao Jyumonji,Seven Seas,Grimgar of Fantasy and Ash: Volume 2,Ao Jyumonji,J-Novel Club,1
114051,387,2847,Grimgar of Fantasy and Ash (Light Novel) Vol. 4,Ao Jyumonji,Seven Seas,Grimgar of Fantasy and Ash: Volume 2,Ao Jyumonji,J-Novel Club,0
114054,402,2847,"Grimgar of Fantasy and Ash, Vol. 3 (manga) (Grimgar of Fantasy and Ash (manga))",Ao Jyumonji,Yen Press,Grimgar of Fantasy and Ash: Volume 2,Ao Jyumonji,J-Novel Club,0
114056,436,2847,Grimgar of Fantasy and Ash (Light Novel) Vol. 8,Ao Jyumonji,Seven Seas,Grimgar of Fantasy and Ash: Volume 2,Ao Jyumonji,J-Novel Club,0
114057,451,2847,Grimgar of Fantasy and Ash (Light Novel) Vol. 7,Ao Jyumonji,Seven Seas,Grimgar of Fantasy and Ash: Volume 2,Ao Jyumonji,J-Novel Club,0
114065,582,2847,"Grimgar of Fantasy and Ash, Vol. 2 (manga) (Grimgar of Fantasy and Ash (manga))",Ao Jyumonji,Yen Press,Grimgar of Fantasy and Ash: Volume 2,Ao Jyumonji,J-Novel Club,0
114202,2590,2856,Alice's Adventures in Wonderland and Through the Looking-Glass (Penguin Classics),Lewis Carroll,Penguin Classics,Alice in Wonderland: The Complete Collection,Lewis Carroll,Maplewood Books,0
114672,852,2875,The Year's Best Fantasy and Horror: Eighteenth Annual Collection (Year's Best Fantasy & Horror (Paperback)),Ellen Datlow,St. Martin's Griffin,The Year's Best Fantasy and Horror: Fifteenth Annual Collection,Ellen Datlow,St. Martin's Griffin,0
114774,852,2880,The Year's Best Fantasy and Horror: Eighteenth Annual Collection (Year's Best Fantasy & Horror (Paperback)),Ellen Datlow,St. Martin's Griffin,The Year's Best Fantasy and Horror: Ninth Annual Collection,Ellen Datlow,St. Martin's Press,0
114829,204,2885,Beyond My Control: Forbidden Fantasies in an Uncensored Age,Nancy Friday,Sourcebooks,Beyond My Control: Forbidden Fantasies in an Uncensored Age,Nancy Friday,Sourcebooks,1
114867,1222,2887,"The Best Science Fiction and Fantasy of the Year, Vol. 3",Jonathan Strahan,Night Shade Books,Eclipse 1: New Science Fiction and Fantasy,Jonathan Strahan,Night Shade Books,0
114874,13,2888,Grimgar of Fantasy and Ash (Light Novel) Vol. 1,Ao Jyumonji,Seven Seas,"Grimgar of Fantasy and Ash, Vol. 1",Ao Jyumonji,Yen Press,1
114876,16,2888,Grimgar of Fantasy and Ash (Light Novel) Vol. 3,Ao Jyumonji,Seven Seas,"Grimgar of Fantasy and Ash, Vol. 1",Ao Jyumonji,Yen Press,0
114877,20,2888,Grimgar of Fantasy and Ash (Light Novel) Vol. 6,Ao Jyumonji,Seven Seas,"Grimgar of Fantasy and Ash, Vol. 1",Ao Jyumonji,Yen Press,0
114907,347,2888,Grimgar of Fantasy and Ash (Light Novel) Vol. 2,Ao Jyumonji,Seven Seas,"Grimgar of Fantasy and Ash, Vol. 1",Ao Jyumonji,Yen Press,0
114913,387,2888,Grimgar of Fantasy and Ash (Light Novel) Vol. 4,Ao Jyumonji,Seven Seas,"Grimgar of Fantasy and Ash, Vol. 1",Ao Jyumonji,Yen Press,0
114916,402,2888,"Grimgar of Fantasy and Ash, Vol. 3 (manga) (Grimgar of Fantasy and Ash (manga))",Ao Jyumonji,Yen Press,"Grimgar of Fantasy and Ash, Vol. 1",Ao Jyumonji,Yen Press,0
114917,436,2888,Grimgar of Fantasy and Ash (Light Novel) Vol. 8,Ao Jyumonji,Seven Seas,"Grimgar of Fantasy and Ash, Vol. 1",Ao Jyumonji,Yen Press,0
114918,451,2888,Grimgar of Fantasy and Ash (Light Novel) Vol. 7,Ao Jyumonji,Seven Seas,"Grimgar of Fantasy and Ash, Vol. 1",Ao Jyumonji,Yen Press,0
114924,582,2888,"Grimgar of Fantasy and Ash, Vol. 2 (manga) (Grimgar of Fantasy and Ash (manga))",Ao Jyumonji,Yen Press,"Grimgar of Fantasy and Ash, Vol. 1",Ao Jyumonji,Yen Press,0
115724,852,2914,The Year's Best Fantasy and Horror: Eighteenth Annual Collection (Year's Best Fantasy & Horror (Paperback)),Ellen Datlow,St. Martin's Griffin,The Year's Best Fantasy and Horror: Twelfth Annual Collection,Ellen Datlow,St. Martin's Griffin,0
115945,2990,2916,"The Collected John Carter of Mars, Vol. 2: Thuvia, Maid of Mars / The Chessmen of Mars / The Master Mind of Mars / A Fighting Man of Mars",Edgar Rice Burroughs,Disney Editions,"John Carter Story, The Gods of Mars : Timeless Fantasy Science Fiction Novel (Annotated), WITH FREE AUDIOBOOK LINK",Edgar Rice Burroughs,unsecretbooks.com,0
115946,3001,2916,"The Collected John Carter of Mars, Vol. 3",Edgar Rice Burroughs,Disney Editions,"John Carter Story, The Gods of Mars : Timeless Fantasy Science Fiction Novel (Annotated), WITH FREE AUDIOBOOK LINK",Edgar Rice Burroughs,unsecretbooks.com,0
115950,3082,2916,"1: The Collected John Carter of Mars (A Princess of Mars, Gods of Mars, and Warlord of Mars)",Edgar Rice Burroughs,Disney Editions,"John Carter Story, The Gods of Mars : Timeless Fantasy Science Fiction Novel (Annotated), WITH FREE AUDIOBOOK LINK",Edgar Rice Burroughs,unsecretbooks.com,0
116191,1222,2917,"The Best Science Fiction and Fantasy of the Year, Vol. 3",Jonathan Strahan,Night Shade Books,"The Best Science Fiction and Fantasy of the Year, Volume 2",Jonathan Strahan,Night Shade Books,0
116831,852,2946,The Year's Best Fantasy and Horror: Eighteenth Annual Collection (Year's Best Fantasy & Horror (Paperback)),Ellen Datlow,St. Martin's Griffin,The Year's Best Fantasy and Horror: Sixteenth Annual Collection,Ellen Datlow,St. Martin's Press,0
117197,852,2952,The Year's Best Fantasy and Horror: Eighteenth Annual Collection (Year's Best Fantasy & Horror (Paperback)),Ellen Datlow,St. Martin's Griffin,The Year's Best Fantasy and Horror: Seventh Annual Collection,Ellen Datlow,St. Martin's Press,0
117213,382,2956,The Fantasy Fiction Formula,Deborah Chester,Manchester University Press,The Fantasy Fiction Formula,Deborah Chester,Manchester University Press,1
117255,557,2957,The Chinese Language: Fact and Fantasy,John DeFrancis,University of Hawaii Press,The Chinese Language: Fact and Fantasy,John DeFrancis,University of Hawaii Press,1
117636,138,2965,The Art of Final Fantasy IX,Dan Birlew,Brady Games,The Art of Final Fantasy IX,Dan Birlew,BradyGames,0
117745,1136,2966,The Enchantress Returns (The Land of Stories),Chris Colfer,"Little, Brown Books for Young Readers",Adventures from the Land of Stories: Queen Red Riding Hood’s Guide To Royalty,Chris Colfer,,0
117746,1137,2966,The Land of Stories: A Grimm Warning,Chris Colfer,"Little, Brown Books for Young Readers",Adventures from the Land of Stories: Queen Red Riding Hood’s Guide To Royalty,Chris Colfer,,0
117747,1139,2966,The Wishing Spell (The Land of Stories),Chris Colfer,"Little, Brown Books for Young Readers",Adventures from the Land of Stories: Queen Red Riding Hood’s Guide To Royalty,Chris Colfer,,0
117748,1169,2966,The Land of Stories: Beyond the Kingdoms,Chris Colfer,"Little, Brown Books for Young Readers",Adventures from the Land of Stories: Queen Red Riding Hood’s Guide To Royalty,Chris Colfer,,0
117750,1241,2966,The Land of Stories: An Author's Odyssey,Chris Colfer,"Little, Brown Books for Young Readers",Adventures from the Land of Stories: Queen Red Riding Hood’s Guide To Royalty,Chris Colfer,,0
118310,611,2994,"The Very Best of Fantasy & Science Fiction, Volume 2",Gordon Van Gelder,Tachyon Publications,"The Very Best of Fantasy & Science Fiction, Volume 2",Gordon Van Gelder,Tachyon Publications,1
118456,60,2995,Final Fantasy Anthology Official Strategy Guide (Brady Games),David Cassady,Brady Games,Official Final Fantasy VII Strategy Guide,David Cassady,Brady Games,0
118473,401,2995,"Official Final Fantasy VII Strategy Guide, Playstation Version (v. 1)",David Cassady,BRADY GAMES,Official Final Fantasy VII Strategy Guide,David Cassady,Brady Games,1
118478,478,2995,Final Fantasy VII Official Strategy Guide (Official Strategy Guides) (v. 2),David Cassady,BRADY GAMES,Official Final Fantasy VII Strategy Guide,David Cassady,Brady Games,0
118520,639,2998,Five Seasons Of Angel: Science Fiction and Fantasy Writers Discuss Their Favorite Vampire (Smart Pop series),Glenn Yeffeth,Smart Pop,Seven Seasons of Buffy: Science Fiction & Fantasy Writers Discuss Their Favorite Television Show,Glenn Yeffeth,Smart Pop,0
118534,10,2999,"Fashion, Faith, and Fantasy in the New Physics of the Universe",Roger Penrose,Princeton University Press,"Fashion, Faith, and Fantasy in the New Physics of the Universe",Roger Penrose,Princeton University Press,1
118866,852,3000,The Year's Best Fantasy and Horror: Eighteenth Annual Collection (Year's Best Fantasy & Horror (Paperback)),Ellen Datlow,St. Martin's Griffin,The Year's Best Fantasy and Horror: Nineteenth Annual Collection,Ellen Datlow,St. Martin's Griffin,0
