The	here
The	wasnt
The	were
Their	is
and	My
and	add
delicious	and
different	that
or	with
the	dishes
the	does
their	which
with	bacon
Amazing	and
Amazing	fondue
Amazing	that
And	that
Avocado	Tuna
BBQ	on
BBQ	on
BBQ	they
Bad	or
Blue	or
Boba	bubble
Boba	bubble
Cajun	adds
Chaletsized	but
Cheesteak	a
Chicken	base
Chicken	in
DIY	in
Decent	but
Eel	and
French	the
Gandolfos	got
Good	is
Great	and
H	which
Hawaiian	hash
Hawaiian	hash
Hero	is
However	might
Indian	similar
Italian	and
Its	turkey
Just	and
Koolaid	fountain
Louis	which
M	Will
MSG	or
Maki	wrapped
Mango	and
Margherita	from
Mexitalian	Consistently
Mexitalian	Consistently
Mistys	and
Momofuko	was
Montreal	and
Montreal	and
Montreal	fans
My	however
My	was
NYC	and
No	here
No	was
Nutella	on
Octane	thing
Or	lemonade
Or	lemonade
Ordered	and
Ordered	and
Original	and
Persian	this
Pita	tomato
Roosevelt	So
Shrimp	BBQ
Shrimp	was
Solid	place
Sorry	lemongrass
Spicy	wrapped
Star	Fest
Subway	shop
Tasty	craptastic
Tasty	instead
The	I
The	and
The	are
The	arrived
The	arrived
The	banh
The	bar
The	benedict
The	benedict
The	came
The	cheese
The	come
The	comes
The	comes
The	definitely
The	doesnt
The	flavoured
The	got
The	got
The	had
The	handmade
The	has
The	have
The	here
The	however
The	inside
The	inside
The	is
The	itself
The	looked
The	looked
The	mixture
The	not
The	on
The	one
The	presentation
The	sammich
The	shawarma
The	singe
The	tasted
The	that
The	they
The	was
The	wasnt
The	were
The	with
Their	Ive
Their	comes
Their	is
Their	was
Their	was
These	were
Theyre	and
Theyre	and
Those	were
Tuna	Lobster
Typical	place
Vegas	I
Wendys	over
York	and
Yummy	if
a	Emmas
a	Latte
a	Total
a	a
a	addict
a	and
a	any
a	as
a	bar
a	before
a	but
a	combo
a	curry
a	dish
a	eat
a	enchilada
a	fiend
a	flavored
a	flavored
a	for
a	generic
a	grater
a	here
a	just
a	lover
a	maker
a	mayo
a	not
a	of
a	on
a	or
a	place
a	run
a	seaweed
a	shop
a	sort
a	sort
a	tea
a	than
a	that
a	the
a	this
a	to
a	under
a	which
a	with
a	working
a	you
about	that
accompanying	was
actual	for
add	for
additives	is
adobo	sushi
all	Im
almond	The
almond	was
almond	was
an	The
an	The
an	a
an	and
an	or
an	technically
and	I
and	Is
and	Monday
and	My
and	Perfectly
and	The
and	add
and	and
and	are
and	as
and	belly
and	bites
and	both
and	came
and	capital
and	combination
and	combination
and	concoctions
and	dish
and	etc
and	etc
and	everyone
and	everyone
and	failed
and	failed
and	floating
and	for
and	fries
and	given
and	given
and	have
and	helped
and	hurts
and	in
and	instead
and	is
and	it
and	jellies
and	look
and	may
and	meal
and	menu
and	my
and	on
and	palso
and	peach
and	plz
and	reviewed
and	selection
and	slices
and	slices
and	than
and	that
and	thats
and	thats
and	then
and	they
and	tidbits
and	to
and	took
and	upon
and	upon
and	varieties
and	varieties
and	very
and	was
and	we
and	were
and	which
and	with
any	or
any	or
apple	strawberry
are	drinks
are	in
are	or
aroma	which
as	It
asparagus	thinking
ass	pickled
at	Bistro
at	Jungle
atypical	choices
atypical	choices
awesome	at
awesome	porridge
bacon	again
bacon	and
banana	that
basic	and
basically	and
basil	coconut
beans	and
because	are
beef	a
beef	a
beef	ham
beef	not
beef	with
belly	was
berry	instead
best	I
best	Ive
best	in
best	or
best	or
better	elsewhere
better	shops
biriani	which
birthday	and
black	mixed
black	with
black	with
bland	and
bland	red
bleu	all
blueberry	banana
boneless	in
bottle	as
bowling	by
boyfriends	carbonara
boyfriends	was
bread	and
broccoli	and
bubble	place
bubble	so
bucks	by
buffalo	to
burger	and
burger	and
burgers	and
burgers	and
but	and
but	instead
but	is
buttery	with
by	Barrel
by	rivers
by	with
cake	spicy
calamari	and
called	which
carby	egg
cardamom	which
carrot	ginger
carrot	was
carrot	was
cheap	The
cheddar	tomato
cheese	and
cheese	grew
cheese	is
cheese	were
cheese	were
chewy	you
chicken	They
chicken	and
chicken	but
chicken	but
chicken	dish
chirashi	kalbi
chives	and
chocolate	gluten
chocolate	mangosteens
chopped	and
chorizo	and
classic	fries
classic	to
coconut	and
coconut	and
coffee	or
coffee	or
combo	base
cooked	rightOkay
cookie	but
cookie	gluten
cool	to
cool	to
craptastic	crispy
craving	for
crazy	from
crisp	smothered
crisp	smothered
crisp	topped
crispy	served
crispy	which
crystallizing	for
cuon	and
curds	and
curly	that
customizable	place
cut	and
cute	and
damn	youll
dan	which
dan	which
decent	Girlfriend
delicious	and
delicious	flavored
delicious	soup
diet	instead
different	for
different	so
different	that
dip	and
dip	and
dish	are
do	but
doityourself	bar
dollar	doityourself
dollar	for
dollar	their
done	I
down	juice
down	on
dozen	for
dressing	scallions
dried	and
drink	and
dry	dish
dry	on
eat	before
eating	with
edible	and
egg	pork
egg	with
egg	with
eggs	and
eggs	bacon
eggspectation	and
even	taste
everclear	are
expensive	which
extra	for
extra	if
extra	instead
famous	are
fashion	store
fat	outside
favorite	or
few	and
few	for
few	options
few	the
fiery	and
filet	cabbage
fish	or
fish	to
fish	with
five	to
five	with
flank	and
flavoured	reminds
flavourful	and
fluffy	looked
fluffy	topped
following	Boiled
following	came
following	ginger
food	fries
foodie	meal
for	I
for	and
for	but
for	dominance
for	fun
for	instead
for	meat
for	one
for	or
for	so
for	which
freakin	Consistently
freakin	Consistently
free	so
french	are
fresh	after
fresh	as
fresh	which
fresh	with
freshsqueezed	that
freshsqueezed	was
fried	and
fried	or
fried	some
fried	that
friendliest	joint
friends	were
fritter	and
from	One
fucking	Boa
fusion	though
garlic	because
garlic	of
garlic	or
garlic	was
generic	with
get	Just
get	Think
get	roast
gigantic	a
girlfriends	and
give	Bistro
good	Cant
good	and
good	as
good	as
good	at
good	at
good	but
good	or
good	or
good	soup
good	with
goodIf	is
goodThe	and
got	instead
got	to
goto	place
gotten	and
gotten	on
gourmand	selection
gourmet	menu
gourmet	places
grated	and
gravy	with
great	in
great	machine
great	on
great	on
great	options
green	and
green	are
grody	combinations
ground	instead
gyro	beef
had	and
had	before
had	but
had	crab
had	for
had	on
had	which
halfpriced	Sundays
halved	were
ham	cheddar
handmade	was
hard	smothered
has	in
has	on
has	on
hates	usually
have	and
have	ice
have	that
have	to
having	fundido
having	with
having	with
healthy	and
heat	or
her	was
here	green
his	which
holy	If
homemade	I
homemade	and
homemade	and
homemade	ice
hot	and
hot	raw
hot	that
hot	very
house	has
huge	list
husbands	that
ice	and
ice	and
ice	roasted
if	is
in	Kung
in	The
in	and
in	blueberry
in	but
in	costs
in	form
in	or
in	rice
in	with
inch	was
included	from
including	and
including	and
including	stir
incredible	which
is	and
is	my
is	turmeric
issue	meal
it	Spicy
it	in
itThe	is
itThe	is
its	with
jerk	salad
just	and
just	favour
just	nothing
kalbi	dynamic
knew	could
lacked	like
lard	with
large	glasses
large	is
large	with
lemonade	or
lemonade	or
lemongrass	and
lettuce	onion
light	to
like	Smart
like	and
like	filling
like	or
like	shops
like	size
limited	had
little	I
little	and
little	helps
little	tables
little	thing
love	prepared
madre	for
masala	I
masala	bar
meat	and
meat	lettuce
menularge	easily
microwaved	and
milk	supernova
milk	wasnt
milky	and
mock	for
moist	that
moist	that
monster	that
monstrous	and
more	It
more	a
more	and
more	but
more	into
more	than
most	spots
most	spots
mousse	ice
mousse	roasted
mozzarella	tomatoes
much	butter
much	mixed
much	needed
much	on
much	on
much	was
mushroom	is
mushrooms	Monterey
mustard	and
mustard	and
my	I
my	and
my	because
my	but
my	came
my	came
my	fancy
my	in
my	on
my	sins
my	very
my	very
my	was
my	were
new	place
nice	than
no	The
no	in
no	left
no	no
no	since
no	since
no	taste
not	that
not	time
of	Anyway
of	Anyway
of	Hey
of	I
of	The
of	Vegetarian
of	We
of	Will
of	a
of	and
of	are
of	as
of	baked
of	bars
of	bars
of	based
of	but
of	by
of	cutter
of	didnt
of	drowning
of	factory
of	flavours
of	from
of	here
of	i
of	in
of	is
of	it
of	less
of	mint
of	nachos
of	never
of	on
of	or
of	per
of	pita
of	places
of	shared
of	shops
of	shops
of	so
of	some
of	spiciness
of	that
of	though
of	though
of	to
of	topped
of	until
of	until
of	was
of	which
of	with
of	would
offer	and
offer	and
oil	fat
oil	for
oil	provolone
okra	with
ole	for
on	So
on	So
on	and
on	are
on	since
on	werent
one	and
one	left
one	left
one	one
one	per
one	was
onion	mayo
onions	and
or	Had
or	I
or	Or
or	The
or	and
or	base
or	brands
or	even
or	flavor
or	flavor
or	for
or	instead
or	no
or	no
or	on
or	one
or	or
or	soda
or	soda
or	which
or	with
or	youll
order	I
order	I
ordered	Knowing
ordered	Salt
ordered	and
ordered	as
ordered	bulgogi
ordered	bulgogi
ordered	grilled
ordered	salmon
ordered	salmon
ordered	the
other	markets
other	that
our	and
our	for
our	were
out	without
own	but
oysters	ahi
pants	high
parm	meatball
pasta	and
pasta	was
pastrami	lettuce
patty	for
patty	which
pear	and
penne	left
peppermint	with
perfect	for
phos	chicken
pickles	spicy
pita	delivered
placeThe	are
plain	with
poached	and
pork	and
pork	gigando
pork	was
powdered	monstrosity
powdered	monstrosity
pressed	made
provolone	basil
pulled	on
pure	rub
pureed	and
quaint	shop
quality	Casa
quality	duck
quick	fix
random	hung
raspberry	when
raw	and
raw	and
real	in
red	leaving
red	lemonade
red	lemonade
red	or
red	or
red	youll
regular	a
regular	and
regular	as
regular	for
regular	for
regular	portion
regular	with
regular	without
remember	green
restaurant	was
restaurant	was
rice	The
rice	The
rice	cabbage
rivers	clouds
roll	scallop
rolled	yuck
roti	chicken
round	that
rowThe	here
rubbery	and
runny	goodness
runny	goodness
sage	and
salads	cooked
salmon	tobiko
salted	being
salty	plus
same	again
sandwich	and
sauce	Well
sauce	aioli
sauce	and
sausage	onions
saute	garlic
say	and
say	and
scallops	chicken
schwarma	sandwich
seafood	and
seafood	dish
seasonal	one
seaweed	and
seen	and
serve	but
seven	flavours
shanghai	everyone
shell	roll
shitty	again
shriveled	overcooked
side	of
side	that
side	that
signature	buns
signature	which
sisters	dish
slight	flavour
small	and
small	ended
small	just
small	mousse
small	on
smoked	is
smoked	is
smoked	with
smothered	or
soft	and
soft	and
soggy	bits
soggy	float
solid	and
solid	choices
solid	too
some	It
some	although
some	and
some	in
some	on
some	onions
some	options
some	or
some	or
some	piled
some	the
some	this
some	to
sour	noodle
spice	spicy
spice	that
spice	that
spicy	and
spicy	but
spicy	dried
spicy	on
spicy	salt
standard	which
star	joint
sticky	I
strawberry	and
strawberry	and
strawberry	german
strawberry	german
style	are
style	is
style	or
substitute	for
substitute	for
sumo	came
supermarket	the
supernova	lemonade
supernova	lemonadeAnd
supernova	under
sushi	On
sweet	that
tandoori	flat
tasting	Tried
tasty	dishes
tastyThe	was
tempting	also
tempura	appetizer
teriyaki	chicken
terrible	and
terrible	and
than	like
than	on
thanks	is
that	given
the	Again
the	Altogether
the	Beware
the	Caesar
the	Club
the	Finally
the	For
the	HERE
the	I
the	Ill
the	Im
the	It
the	It
the	Ive
the	My
the	My
the	Next
the	PO
the	Parmesan
the	Parmesan
the	Skor
the	The
the	They
the	We
the	a
the	added
the	adds
the	al
the	alone
the	alone
the	an
the	and
the	appetizer
the	arrived
the	as
the	at
the	away
the	because
the	beef
the	both
the	bread
the	but
the	came
the	cheesy
the	cough
the	dinner
the	dishes
the	does
the	duck
the	excellent
the	fantastic
the	flat
the	for
the	from
the	had
the	have
the	here
the	ice
the	in
the	instead
the	is
the	isnt
the	it
the	its
the	itself
the	killed
the	lemonade
the	less
the	less
the	look
the	marinara
the	medium
the	more
the	my
the	nice
the	noodles
the	of
the	on
the	one
the	option
the	or
the	pho
the	pho
the	plain
the	plain
the	plate
the	provided
the	provided
the	right
the	rolled
the	said
the	same
the	schwarma
the	section
the	section
the	shaker
the	should
the	size
the	small
the	so
the	stacked
the	stealing
the	steamed
the	still
the	sweet
the	tart
the	tart
the	taste
the	tasted
the	tasted
the	tastes
the	that
the	thats
the	the
the	their
the	there
the	they
the	this
the	to
the	today
the	today
the	tower
the	version
the	was
the	wasnt
the	we
the	were
the	when
the	whenever
the	which
the	while
the	with
the	yes
the	yes
the	you
their	and
their	are
their	bar
their	dishes
their	duh
their	is
their	just
their	making
their	monstrosity
their	monstrosity
their	pancakes
their	products
their	tastes
their	was
their	which
then	Fruits
these	and
these	and
these	are
these	are
thier	creme
thier	is
thing	and
this	And
this	bar
this	house
this	is
those	are
those	in
those	in
those	lovers
thoughThe	was
thousandyearold	though
three	in
three	limit
throw	shells
time	and
tiny	for
to	and
to	so
toast	etc
toffee	I
tofu	and
tofu	and
together	and
tomato	pickles
tomato	pickles
tomato	the
tomato	weird
tomatoes	parmesan
torillas	salsa
tostada	and
traditional	like
tried	Signature
tried	and
tried	was
tried	was
try	in
turkey	pastrami
twin	with
two	and
two	combo
two	one
two	one
two	pinto
two	rolls
two	rolls
two	two
two	which
typically	place
unsweetened	for
unsweetened	for
us	and
us	is
used	like
using	leaving
usually	that
varieties	and
vegan	options
vegan	that
vegetable	comes
vegetable	soup
vegetarian	YUM
vegetarian	and
veggie	and
veggie	and
veggie	on
vinegar	and
virgin	mozzarella
want	I
want	I
warm	even
warm	that
warm	that
was	and
was	instead
was	instead
weeksThe	for
weird	and
weird	with
well	drinks
well	drinks
werent	on
whatever	you
whatever	you
wheat	was
where	goes
whipped	We
white	for
white	over
whole	or
wild	onions
with	BBQ
with	BBQ
with	Why
with	a
with	and
with	are
with	bacon
with	but
with	cheddar
with	chives
with	chopped
with	dressingtype
with	fish
with	in
with	instead
with	of
with	on
with	or
with	pasta
with	pizza
with	pizza
with	preservesMy
with	raisins
with	that
with	thinking
with	tomato
with	tossed
with	upgrade
with	veg
with	wild
wrapped	from
wrong	plank
wrong	roll
your	and
your	food
your	food
your	is
your	long
your	to
your	toast
your	today
your	try
your	while